기사제목, url
'셧다운' 국회는 방역 중…접촉자 검사 결과 따라 'n차 감염' 우려도,https://news.naver.com/main/read.nhn?mode=LSD&mid=shm&sid1=100&oid=366&aid=0000578481
'국회 올스톱' 방역 진행 중…n차 감염 코로나 확산 '주시',https://news.naver.com/main/read.nhn?mode=LSD&mid=shm&sid1=100&oid=421&aid=0004836874
민주당 취재기자 확진 판정에…국회는 `셧다운`,https://news.naver.com/main/read.nhn?mode=LSD&mid=shm&sid1=100&oid=009&aid=0004643216
국회까지 덮친 코로나…여당 지도부 자가격리 들어가 '전대 파행' 불가피,https://news.naver.com/main/read.nhn?mode=LSD&mid=shm&sid1=100&oid=015&aid=0004405333
“문 대통령 국정수행 지지율 49.4%…부정평가 7주 만에 앞질러”,https://news.naver.com/main/read.nhn?mode=LSD&mid=shm&sid1=100&oid=081&aid=0003119000
문대통령 지지율 49.4%···7주 만에 긍정평가가 부정평가 앞서,https://news.naver.com/main/read.nhn?mode=LSD&mid=shm&sid1=100&oid=032&aid=0003029086
"문대통령 긍정평가, 부정평가 7주만에 앞질러"[리얼미터],https://news.naver.com/main/read.nhn?mode=LSD&mid=shm&sid1=100&oid=001&aid=0011841089
[리얼미터]文대통령 지지도, 긍정평가 7주 만에 부정평가 앞서,https://news.naver.com/main/read.nhn?mode=LSD&mid=shm&sid1=100&oid=018&aid=0004722935
주호영, 안철수에 러브콜 “서울시장 보궐·대선, 같이 할 수 있다”,https://news.naver.com/main/read.nhn?mode=LSD&mid=shm&sid1=100&oid=020&aid=0003305744
주호영 "서울시장·대선, 안철수와 합치면 도움된다",https://news.naver.com/main/read.nhn?mode=LSD&mid=shm&sid1=100&oid=014&aid=0004483773
주호영 "서울시장 선거, 안철수와 같이 갈 수 있다…선택은 安에 달려",https://news.naver.com/main/read.nhn?mode=LSD&mid=shm&sid1=100&oid=025&aid=0003029742
주호영 "안철수 선택만 남아…서울시장이든 대선이든 도움",https://news.naver.com/main/read.nhn?mode=LSD&mid=shm&sid1=100&oid=421&aid=0004836938
망사마스크 쓰고 정은경 만난 김미애 "말과 행동 조심하겠다",https://news.naver.com/main/read.nhn?mode=LSD&mid=shm&sid1=100&oid=052&aid=0001483278
‘망사 마스크 논란’ 김미애 결국…“말과 행동 조심하겠다”,https://news.naver.com/main/read.nhn?mode=LSD&mid=shm&sid1=100&oid=005&aid=0001356049
정은경 앞 '망사마스크' 김미애 "신중하지 못 했다" 반성,https://news.naver.com/main/read.nhn?mode=LSD&mid=shm&sid1=100&oid=469&aid=0000529573
김미애, 정은경 앞 '망사 마스크' 결국 사과..."마음 무거웠다",https://news.naver.com/main/read.nhn?mode=LSD&mid=shm&sid1=100&oid=018&aid=0004722839
문 대통령에 직언한 '시무7조 상소문'… 무슨 내용이길래?,https://news.naver.com/main/read.nhn?mode=LSD&mid=shm&sid1=100&oid=310&aid=0000080263
文대통령에 "헌법의 가치를 지키시옵소서"···숨겨진 '시무7조 상소문' 동의자 급증,https://news.naver.com/main/read.nhn?mode=LSD&mid=shm&sid1=100&oid=011&aid=0003788845
'시무7조 조은산' 청원 또 있었다…"역적 김현미 파직하소서",https://news.naver.com/main/read.nhn?mode=LSD&mid=shm&sid1=100&oid=008&aid=0004461749
“헌법은 폐하의 것이 아니옵니다”…靑 국민청원의 ‘시무 7조’ 상소문,https://news.naver.com/main/read.nhn?mode=LSD&mid=shm&sid1=100&oid=022&aid=0003497562
北, 태영호에 "개같은 놈이 의원이랍시고..천벌받을 것" 악담,https://news.naver.com/main/read.nhn?mode=LSD&mid=shm&sid1=100&oid=023&aid=0003557131
北 대북전단 살포 금지법 반대한 태영호에 "인간쓰레기, 천벌받을 것",https://news.naver.com/main/read.nhn?mode=LSD&mid=shm&sid1=100&oid=018&aid=0004722961
北 "배신자·추악한 인간쓰레기 태가놈" 태영호 맹비난,https://news.naver.com/main/read.nhn?mode=LSD&mid=shm&sid1=100&oid=277&aid=0004743758
"김여정 하청법" 비판 태영호 정조준한 北 "인간쓰레기···비참한 종말 맞을 것",https://news.naver.com/main/read.nhn?mode=LSD&mid=shm&sid1=100&oid=011&aid=0003788801
文대통령, 오늘 개신교 지도자 靑 초청…방역 협조 당부할 듯,https://news.naver.com/main/read.nhn?mode=LSD&mid=shm&sid1=100&oid=082&aid=0001024619
文대통령, 교회 지도자 靑 초청…방역 협조 부탁,https://news.naver.com/main/read.nhn?mode=LSD&mid=shm&sid1=100&oid=629&aid=0000039269
‘집단감염 속출’ 교회 지도자들 만나는 文, 무슨 얘기 나눌까,https://news.naver.com/main/read.nhn?mode=LSD&mid=shm&sid1=100&oid=022&aid=0003497528
文대통령, 오늘 교회 지도자 초청 간담회…방역 협조 당부,https://news.naver.com/main/read.nhn?mode=LSD&mid=shm&sid1=100&oid=021&aid=0002440208
'의사 파업'에 정부 강경 대처, 20대는 '의사 편' 왜?,https://news.naver.com/main/read.nhn?mode=LSD&mid=shm&sid1=100&oid=008&aid=0004461787
"의료계 업무개시 명령에 적절 51% vs 일방적 42%"[리얼미터],https://news.naver.com/main/read.nhn?mode=LSD&mid=shm&sid1=100&oid=001&aid=0011841092
[국회M부스] '여당 내 야당'…국회 떠나는 김해영 최고위원이 남긴 말,https://news.naver.com/main/read.nhn?mode=LSD&mid=shm&sid1=100&oid=214&aid=0001061471
[국회M부스] 통합당, 정은경엔 "잘한다"…정부엔 "방역실패",https://news.naver.com/main/read.nhn?mode=LSD&mid=shm&sid1=100&oid=214&aid=0001061173
[국회M부스] '자가격리' 이낙연이 '편안'한 이유?,https://news.naver.com/main/read.nhn?mode=LSD&mid=shm&sid1=100&oid=214&aid=0001060572
[국회M부스] 김종인의 빌리브란트 오마주…"진정성 입증이 과제",https://news.naver.com/main/read.nhn?mode=LSD&mid=shm&sid1=100&oid=214&aid=0001059784
