제목, url
파이썬 설치 다운로드부터 해야겠죠?,https://blog.naver.com/sweetk2ss?Redirect=Log&logNo=221954566322
파이썬 학원 : 자기개발과 취업, 무엇을 목표로 시작하나요?,https://blog.naver.com/urmyver?Redirect=Log&logNo=222050113272
'파이썬'의 인기가 떨어지면 어떤 개발 언어가 뜨게 될까. - Wishket,http://blog.wishket.com/%ED%8C%8C%EC%9D%B4%EC%8D%AC-%EC%9D%B8%EA%B8%B0%EA%B0%80-%EB%96%A8%EC%96%B4%EC%A7%80%EB%A9%B4-%EC%96%B4%EB%96%A4-%EA%B0%9C%EB%B0%9C-%EC%96%B8%EC%96%B4%EA%B0%80-%EB%9C%B0%EA%B9%8C/
파이썬인강 프로그래밍 막막하셨다면,https://blog.naver.com/skyktc?Redirect=Log&logNo=222070357069
파이썬자격증 종류와 취득방법 알아보자!,https://blog.naver.com/ridesafe?Redirect=Log&logNo=222049951715
파이썬마스터 자격증을 통한 첫 코딩공부!,https://blog.naver.com/yoonhan04?Redirect=Log&logNo=222070576532
자바 파이썬 입문 언어 승자는?,https://blog.naver.com/skh556?Redirect=Log&logNo=222038807263
파이썬 학원 더 늦기 전에 도전!,https://blog.naver.com/jcy0207?Redirect=Log&logNo=222038541815
파이썬 학원 비교와 선택의 기준!,https://blog.naver.com/likedelma?Redirect=Log&logNo=222043548217
직장인이라면 꼭 알아야 할 기술, 업무자동화 (엑셀/VBA/파이썬),https://blog.naver.com/fastcampus?Redirect=Log&logNo=221924690201
파이썬 설치방법 따라 해보세요,https://blog.naver.com/sakura524?Redirect=Log&logNo=222071576891
파이썬,텐서플로, 설치없이, PC없이, 코딩연습하기,https://blog.naver.com/liveforu?Redirect=Log&logNo=222059194163
독학으로 파이썬 공부 시작해봄. 코딩 독학 가능? 완독할 수 있길!,https://blog.naver.com/greenuni?Redirect=Log&logNo=222065328241
파이썬학원 그길은 내가 가야하는 길,https://blog.naver.com/7441472?Redirect=Log&logNo=222039327307
코딩입문 <혼자 공부하는 첫 프로그래밍 with 파이썬>,https://blog.naver.com/baemju?Redirect=Log&logNo=222065295608
커리큘럼이 탄탄한 파이썬책추천,https://blog.naver.com/sweetk2ss?Redirect=Log&logNo=221967767237
파이썬강의 여기서 한 번에 듣자,https://blog.naver.com/skyktc?Redirect=Log&logNo=222040292217
파이썬 장고 / Django이 무엇인지 알아보자!,https://blog.naver.com/ridesafe?Redirect=Log&logNo=221851790865
파이썬 설치 및 다운로드 생각보다 간단하네요,https://itgroovy.tistory.com/443
전주 중화산동 컴퓨터학원 스마트라이프연구학원은 8월도 열심히 한글, 파워포인트, 엑셀, C언어, 파이썬, 유튜브 동영상 강의 진행했어요,https://stupid1714.blog.me/222070643513
파이썬학원 남다른 스킬의 노하우,https://blog.naver.com/hypnosis_75?Redirect=Log&logNo=222059377763
파이썬 프로그래밍 : 무엇을 목표로 공부하나요?,https://blog.naver.com/urmyver?Redirect=Log&logNo=222022605548
파이썬학원 기준을 만들어 볼까?,https://blog.naver.com/yosuleye?Redirect=Log&logNo=222051096665
파이썬 독학 책, 혼자 공부하는 첫 프로그래밍 with 파이썬,https://willout.blog.me/222064731183
파이썬 독학 1개월 해본 후기,https://blog.naver.com/cdh0584?Redirect=Log&logNo=222071546497
파이썬개발자 경력에게는 기회! 신입에게는 양날의검?,https://blog.naver.com/therapy92?Redirect=Log&logNo=222071612465
[Review] 파이썬 독학, 파이썬 입문 도서 추천!,https://blog.naver.com/ilailla?Redirect=Log&logNo=222061603961
파이썬학원 공부순서가 중요한 이유,https://blog.naver.com/7bangjuni?Redirect=Log&logNo=222053017435
빅데이터 분석 위한 파이썬 입문 클룸에서 즐겁게,https://blog.naver.com/sweetk2ss?Redirect=Log&logNo=222020792291
간결한 프로그래밍 언어 파이썬, 클룸 무료인강으로,http://dicagallery.com/222021242468
파이썬크롤링 및 웹크롤링 기술에 대해 알아보자!,https://blog.naver.com/ridesafe?Redirect=Log&logNo=221969995171
파이썬학원 미래를 위한 설계!,https://blog.naver.com/x_xo_ow_w?Redirect=Log&logNo=222033559133
[책] 비전공자도 한다, 혼자 공부하는 첫 프로그래밍 with 파이썬,https://blog.naver.com/kim_eyo?Redirect=Log&logNo=222064057955
파이썬 강의 모음집.zip (내게 알맞는 파이썬 강의 찾기),https://blog.naver.com/fastcampus?Redirect=Log&logNo=221994016380
직장인 코딩공부 : 파이썬독학, 온라인코딩스쿨에서 쉽게 시작해요!,http://blog.kgitbank.co.kr/222039615747
노션 파이썬 API를 이용하여 페이지 제목을 자동으로 바꾸기,https://chogar.blog.me/222059705255
파이썬 기초 - 프로그램 유형별 입문 가이드,https://blog.naver.com/urmyver?Redirect=Log&logNo=221988884362
파이썬 배우기,https://blog.naver.com/yusun21kr?Redirect=Log&logNo=222064258023
코딩 독학을 위한 혼자 공부하는 첫 프로그래밍 파이썬 코딩입문,https://blog.naver.com/puresmile86?Redirect=Log&logNo=222063308158
파이썬 IDE 파이참(pycharm) 설치 방법 알아보기,https://itgroovy.tistory.com/702
[코딩 입문] 혼자 공부하는 첫 프로그래밍 파이썬 초보/입문/독학,https://blog.naver.com/kenlord?Redirect=Log&logNo=222064500116
모두의 파이썬-20일만에 배우는 프로그래밍 기초,https://blog.naver.com/yoohan22?Redirect=Log&logNo=222071449373
파이썬인강 혼자 공부해도 충분해요,https://blog.naver.com/sakura524?Redirect=Log&logNo=222070588174
비전공자의 코딩 입문) 혼자 공부하는 첫 프로그래밍 with 파이썬,https://blog.naver.com/sw922006?Redirect=Log&logNo=222064080464
파이썬 프로그래밍 독학 5시간만에 기초완성 동영상 강좌,https://blog.naver.com/ahalinux?Redirect=Log&logNo=221999426572
[도서 리뷰] 파이썬으로 배우는 통계학 교과서,https://eonnow.blog.me/222067874131
라즈베리파이 + 파이썬 + 파이어베이스 Storage의 활용: (1)파이 카메라 설치 및 파이썬을 이용한 사진 촬영,https://cosmosjs.blog.me/221962325930
[패스트캠퍼스 머신러닝 with 파이썬 바이트 디그리] 머신러닝을 위한 수학 파트 감수자 이정훈 님 인터뷰,https://blog.naver.com/fastcampus?Redirect=Log&logNo=221958556866
[python] 파이썬 스크립트를 exe로 만들기,https://blog.naver.com/heennavi1004?Redirect=Log&logNo=222027413761
[책 리뷰] 파이썬을 배우는 통계학 교과서,https://blog.naver.com/rickman2?Redirect=Log&logNo=222071336688
파이썬 - 10진수를 2진수/8진수/16진수로 변환하기,https://happynut.blog.me/222032648970
맥(MAC)에서 파이썬(Python) 설치(업데이트)하는 방법,https://blogyourlife.blog.me/222065314311
파이썬인강 기초부터 탄탄하게!,https://blog.naver.com/skyktc?Redirect=Log&logNo=221951634202
[파이썬] pass 키워드,https://blog.naver.com/writer0713?Redirect=Log&logNo=222030480715
새로운 인강 : 파이썬으로 프로그램 만들기에 도전,https://annerheekim.blog.me/222071268499
파이썬 윈도우 스토어에서 설치 가능,https://namjmnam.blog.me/222058023312
파이썬 백테스팅 라이브러리,https://blog.naver.com/stochastic73?Redirect=Log&logNo=222067881093
[Python] 파이썬 키비(kivy) 앱 개발 - 5. Screen Manager,https://blog.naver.com/dsz08082?Redirect=Log&logNo=222065319808
[파이썬] 윈도우 pip 설치하기,https://blog.naver.com/chgy2131?Redirect=Log&logNo=222069652071
python-firebase 라이브러리 파이썬3에서 사용하기,https://cosmosjs.blog.me/221931186598
